{"best/epoch": 1, "best/precision": 0.036379142657875195, "best/recall": 0.16665406526265228, "best/mAP_0.5": 0.022616846907301907, "best/mAP_0.5:0.95": 0.005898835739500699, "Labels": {"_type": "images/separated", "width": 1600, "height": 1600, "format": "jpg", "count": 2, "filenames": ["media/images/Labels_0_dcb6a8037e60455579eb.jpg", "media/images/Labels_0_536946d2a75b2bdf5411.jpg"], "captions": ["labels.jpg", "labels_correlogram.jpg"]}, "Mosaics": {"_type": "images/separated", "width": 1920, "height": 1920, "format": "jpg", "count": 3, "filenames": ["media/images/Mosaics_0_77f662ca89a1defb3bcd.jpg", "media/images/Mosaics_0_837bea11b828a876c858.jpg", "media/images/Mosaics_0_524bcc48dceb5d18a92e.jpg"], "captions": ["train_batch0.jpg", "train_batch1.jpg", "train_batch2.jpg"]}, "train/box_loss": 0.06912706792354584, "train/obj_loss": 0.036351826041936874, "train/cls_loss": 0.06308900564908981, "metrics/precision": 0.036418232957561386, "metrics/recall": 0.16665406526265228, "metrics/mAP_0.5": 0.02244136035764428, "metrics/mAP_0.5:0.95": 0.005746556413934785, "val/box_loss": 0.05723249167203903, "val/obj_loss": 0.0174702201038599, "val/cls_loss": 0.0818246603012085, "x/lr0": 0.00333994708994709, "x/lr1": 0.00333994708994709, "x/lr2": 0.03720238095238096, "BoundingBoxDebugger": {"_type": "images/separated", "width": 672, "height": 448, "format": "png", "count": 16, "filenames": ["media/images/BoundingBoxDebugger_1_310c21b7faec646a4b3e.png", "media/images/BoundingBoxDebugger_1_545ac168dae14dfe1adc.png", "media/images/BoundingBoxDebugger_1_ca64b1934e4411f0f4e0.png", "media/images/BoundingBoxDebugger_1_84da11bf5246e610753f.png", "media/images/BoundingBoxDebugger_1_5adb3bc309a829317f6b.png", "media/images/BoundingBoxDebugger_1_2aa5f0103d35bd1d2e9d.png", "media/images/BoundingBoxDebugger_1_4e5a5c56f69cc79615e5.png", "media/images/BoundingBoxDebugger_1_91c9503cead49718815c.png", "media/images/BoundingBoxDebugger_1_88a853700a6d85f6a083.png", "media/images/BoundingBoxDebugger_1_4d79c2d567c81cefde12.png", "media/images/BoundingBoxDebugger_1_d785d4eb7367835ebf93.png", "media/images/BoundingBoxDebugger_1_8a107459b6de5437cfc0.png", "media/images/BoundingBoxDebugger_1_01b56740529eae3eba61.png", "media/images/BoundingBoxDebugger_1_facfc3ba36df753ab648.png", "media/images/BoundingBoxDebugger_1_28590bd3812fe004b841.png", "media/images/BoundingBoxDebugger_1_54b2764644a14f275dd5.png"], "captions": ["Image_9_y15605.jpg", "Image_97_y15965.jpg", "Image_96_y15920.jpg", "Image_51_y13505.jpg", "Image_64_y14204.jpg", "Image_94_y15826.jpg", "Image_7_y14509.jpg", "Image_62_y14098.jpg", "Image_94_y15808.jpg", "Image_7_y14528.jpg", "Image_7_y14540.jpg", "Image_56_y13749.jpg", "Image_56_y13750.jpg", "Image_92_y15703.jpg", "Image_92_y15702.jpg", "Image_56_y13754.jpg"], "all_boxes": [{"predictions": {"_type": "boxes2D", "sha256": "9353fc01172db30cbdf93e7c1cab3f67c7f5d970118b96d5e264a415c1221b04", "size": 70999, "path": "media/metadata/boxes2D/BoundingBoxDebugger_1_9353fc01172db30cbdf9.boxes2D.json"}}, {"predictions": {"_type": "boxes2D", "sha256": "5e568a336c91051a52d8fd236d23de9699a319ee9f4c889c34edd088f60fd3a3", "size": 71186, "path": "media/metadata/boxes2D/BoundingBoxDebugger_1_5e568a336c91051a52d8.boxes2D.json"}}, {"predictions": {"_type": "boxes2D", "sha256": "f21e3d50f03a5bc4160f35ee692ce0bb9606058f8490a1041f07e1ab1d320fca", "size": 47218, "path": "media/metadata/boxes2D/BoundingBoxDebugger_1_f21e3d50f03a5bc4160f.boxes2D.json"}}, {"predictions": {"_type": "boxes2D", "sha256": "7cce4c80741dc494f6b340edc312b427b0ee7421b0ade6e32c0f4fbb9d72b022", "size": 70788, "path": "media/metadata/boxes2D/BoundingBoxDebugger_1_7cce4c80741dc494f6b3.boxes2D.json"}}, {"predictions": {"_type": "boxes2D", "sha256": "3f6c1f275b79a5fb4f2d8fb71ff0e9d8209c54b1dc7b3f63e0ddc9ebe98829e8", "size": 57863, "path": "media/metadata/boxes2D/BoundingBoxDebugger_1_3f6c1f275b79a5fb4f2d.boxes2D.json"}}, {"predictions": {"_type": "boxes2D", "sha256": "fd0a1d62959252aac030fef0c070c763e26af7acc62c1dfb00bfeb048abce202", "size": 70593, "path": "media/metadata/boxes2D/BoundingBoxDebugger_1_fd0a1d62959252aac030.boxes2D.json"}}, {"predictions": {"_type": "boxes2D", "sha256": "2b25869168c89b7f981ded05c70e5f4fa39a396191dfb6d3ef88f43807b713a3", "size": 70691, "path": "media/metadata/boxes2D/BoundingBoxDebugger_1_2b25869168c89b7f981d.boxes2D.json"}}, {"predictions": {"_type": "boxes2D", "sha256": "ea5d002370a5d08d9fb0ef47bbca135f34bc43cbcde27b6fee19236097874624", "size": 70690, "path": "media/metadata/boxes2D/BoundingBoxDebugger_1_ea5d002370a5d08d9fb0.boxes2D.json"}}, {"predictions": {"_type": "boxes2D", "sha256": "63fc3a0a4a1e9ba339666ab2c3292d84111f65e9caecb561d3f77343470aee4b", "size": 70634, "path": "media/metadata/boxes2D/BoundingBoxDebugger_1_63fc3a0a4a1e9ba33966.boxes2D.json"}}, {"predictions": {"_type": "boxes2D", "sha256": "1ed9196e92a26b3051a8c71e41da4bdb0ecf7eb23aa1458dab50e1c8b238c611", "size": 53158, "path": "media/metadata/boxes2D/BoundingBoxDebugger_1_1ed9196e92a26b3051a8.boxes2D.json"}}, {"predictions": {"_type": "boxes2D", "sha256": "2f9225a92bc45b616ce23b8c0595bbe337570d98b196e171dff7f9233f22457c", "size": 70988, "path": "media/metadata/boxes2D/BoundingBoxDebugger_1_2f9225a92bc45b616ce2.boxes2D.json"}}, {"predictions": {"_type": "boxes2D", "sha256": "dae2cbcfca9538fc6c6cdc7038c48d38a07df79ce3c52a560ff23bbf975d9c96", "size": 70769, "path": "media/metadata/boxes2D/BoundingBoxDebugger_1_dae2cbcfca9538fc6c6c.boxes2D.json"}}, {"predictions": {"_type": "boxes2D", "sha256": "bf45a6f3faffce76ff4533cae09741fb37017c29c6a25707793953ed52353e31", "size": 49210, "path": "media/metadata/boxes2D/BoundingBoxDebugger_1_bf45a6f3faffce76ff45.boxes2D.json"}}, {"predictions": {"_type": "boxes2D", "sha256": "5c24846a6606ec4459a709f9ed439de2ece3d7b1713449a06d50b85441ea5283", "size": 70667, "path": "media/metadata/boxes2D/BoundingBoxDebugger_1_5c24846a6606ec4459a7.boxes2D.json"}}, {"predictions": {"_type": "boxes2D", "sha256": "97dc7cf83f62a3a40585ff802915bcd23fa51355fda5d66acf899ffaf8e027ee", "size": 66802, "path": "media/metadata/boxes2D/BoundingBoxDebugger_1_97dc7cf83f62a3a40585.boxes2D.json"}}, {"predictions": {"_type": "boxes2D", "sha256": "5c2c7472839fb0f5433c2715dd424c2c661a93f4cb50afb7bbb67b4e9773cd05", "size": 70721, "path": "media/metadata/boxes2D/BoundingBoxDebugger_1_5c2c7472839fb0f5433c.boxes2D.json"}}]}, "_timestamp": 1653138971, "_runtime": 1568, "_step": 2, "Validation": {"_type": "images/separated", "width": 1920, "height": 1280, "format": "jpg", "count": 6, "filenames": ["media/images/Validation_2_2b3960af96a220dee275.jpg", "media/images/Validation_2_ac3fb017e719df0ee0e0.jpg", "media/images/Validation_2_b5094ef89ceee43dbd30.jpg", "media/images/Validation_2_9f3505a7f699554bcfb1.jpg", "media/images/Validation_2_d6d55d374eecc2637c26.jpg", "media/images/Validation_2_9d94ec7fe70a86e3f90a.jpg"], "captions": ["val_batch0_labels.jpg", "val_batch0_pred.jpg", "val_batch1_labels.jpg", "val_batch1_pred.jpg", "val_batch2_labels.jpg", "val_batch2_pred.jpg"]}, "Results": {"_type": "images/separated", "width": 2400, "height": 1200, "format": "png", "count": 6, "filenames": ["media/images/Results_2_b1254df502e6a763f823.png", "media/images/Results_2_a07858bc6af74b9eb4ef.png", "media/images/Results_2_f11bfe680d849d8aba90.png", "media/images/Results_2_1322d669a1a6e69a0fb9.png", "media/images/Results_2_c8e308a47f0845b8e029.png", "media/images/Results_2_532580343c1c648960b0.png"], "captions": ["results.png", "confusion_matrix.png", "F1_curve.png", "PR_curve.png", "P_curve.png", "R_curve.png"]}, "_wandb": {"runtime": 1565}}